vid10_pair0_frame466.jpg,vid10_pair0_frame939.jpg,0
vid10_pair1_frame362.jpg,vid10_pair1_frame392.jpg,0
vid10_pair2_frame784.jpg,vid10_pair2_frame824.jpg,0
vid10_pair3_frame614.jpg,vid10_pair3_frame654.jpg,0
vid10_pair4_frame369.jpg,vid10_pair4_frame399.jpg,0
vid10_pair5_frame150.jpg,vid10_pair5_frame180.jpg,0
vid10_pair6_frame719.jpg,vid10_pair6_frame764.jpg,1
vid10_pair7_frame650.jpg,vid10_pair7_frame680.jpg,0
vid10_pair8_frame379.jpg,vid10_pair8_frame419.jpg,1
vid10_pair9_frame1000.jpg,vid10_pair9_frame970.jpg,0
vid1_pair0_frame250.jpg,vid1_pair0_frame310.jpg,0
vid1_pair1_frame423.jpg,vid1_pair1_frame438.jpg,1
vid1_pair2_frame378.jpg,vid1_pair2_frame393.jpg,1
vid1_pair3_frame504.jpg,vid1_pair3_frame549.jpg,1
vid1_pair4_frame189.jpg,vid1_pair4_frame204.jpg,1
vid1_pair5_frame360.jpg,vid1_pair5_frame390.jpg,0
vid1_pair6_frame272.jpg,vid1_pair6_frame302.jpg,1
vid1_pair7_frame28.jpg,vid1_pair7_frame73.jpg,1
vid1_pair8_frame13.jpg,vid1_pair8_frame43.jpg,0
vid1_pair9_frame265.jpg,vid1_pair9_frame280.jpg,0
vid2_pair0_frame157.jpg,vid2_pair0_frame68.jpg,0
vid2_pair1_frame11.jpg,vid2_pair1_frame51.jpg,1
vid2_pair2_frame437.jpg,vid2_pair2_frame467.jpg,1
vid2_pair3_frame109.jpg,vid2_pair3_frame69.jpg,0
vid2_pair4_frame488.jpg,vid2_pair4_frame533.jpg,0
vid2_pair5_frame308.jpg,vid2_pair5_frame348.jpg,0
vid2_pair6_frame184.jpg,vid2_pair6_frame281.jpg,1
vid2_pair7_frame594.jpg,vid2_pair7_frame639.jpg,0
vid2_pair8_frame294.jpg,vid2_pair8_frame309.jpg,1
vid2_pair9_frame138.jpg,vid2_pair9_frame98.jpg,0
vid3_pair0_frame482.jpg,vid3_pair0_frame542.jpg,0
vid3_pair1_frame60.jpg,vid3_pair1_frame90.jpg,1
vid3_pair2_frame144.jpg,vid3_pair2_frame174.jpg,1
vid3_pair3_frame15.jpg,vid3_pair3_frame75.jpg,1
vid3_pair4_frame647.jpg,vid3_pair4_frame662.jpg,1
vid3_pair5_frame50.jpg,vid3_pair5_frame65.jpg,1
vid3_pair6_frame204.jpg,vid3_pair6_frame234.jpg,0
vid3_pair7_frame620.jpg,vid3_pair7_frame754.jpg,1
vid3_pair8_frame451.jpg,vid3_pair8_frame511.jpg,0
vid3_pair9_frame224.jpg,vid3_pair9_frame269.jpg,0
vid4_pair0_frame750.jpg,vid4_pair0_frame790.jpg,1
vid4_pair1_frame936.jpg,vid4_pair1_frame996.jpg,1
vid4_pair2_frame789.jpg,vid4_pair2_frame819.jpg,1
vid4_pair3_frame181.jpg,vid4_pair3_frame196.jpg,1
vid4_pair4_frame1028.jpg,vid4_pair4_frame913.jpg,1
vid4_pair5_frame806.jpg,vid4_pair5_frame836.jpg,0
vid4_pair6_frame819.jpg,vid4_pair6_frame834.jpg,0
vid4_pair7_frame392.jpg,vid4_pair7_frame407.jpg,1
vid4_pair8_frame629.jpg,vid4_pair8_frame689.jpg,1
vid4_pair9_frame978.jpg,vid4_pair9_frame993.jpg,1
vid5_pair0_frame782.jpg,vid5_pair0_frame812.jpg,0
vid5_pair1_frame627.jpg,vid5_pair1_frame667.jpg,0
vid5_pair2_frame256.jpg,vid5_pair2_frame286.jpg,1
vid5_pair3_frame696.jpg,vid5_pair3_frame726.jpg,1
vid5_pair4_frame395.jpg,vid5_pair4_frame425.jpg,1
vid5_pair5_frame47.jpg,vid5_pair5_frame92.jpg,0
vid5_pair6_frame521.jpg,vid5_pair6_frame561.jpg,0
vid5_pair7_frame605.jpg,vid5_pair7_frame635.jpg,1
vid5_pair8_frame594.jpg,vid5_pair8_frame654.jpg,0
vid5_pair9_frame221.jpg,vid5_pair9_frame261.jpg,0
vid6_pair0_frame61.jpg,vid6_pair0_frame91.jpg,0
vid6_pair1_frame185.jpg,vid6_pair1_frame225.jpg,0
vid6_pair2_frame495.jpg,vid6_pair2_frame540.jpg,0
vid6_pair3_frame531.jpg,vid6_pair3_frame591.jpg,1
vid6_pair4_frame42.jpg,vid6_pair4_frame82.jpg,0
vid6_pair5_frame188.jpg,vid6_pair5_frame218.jpg,0
vid6_pair6_frame466.jpg,vid6_pair6_frame481.jpg,0
vid6_pair7_frame125.jpg,vid6_pair7_frame65.jpg,0
vid6_pair8_frame233.jpg,vid6_pair8_frame263.jpg,0
vid6_pair9_frame346.jpg,vid6_pair9_frame399.jpg,0
vid7_pair0_frame209.jpg,vid7_pair0_frame224.jpg,1
vid7_pair1_frame34.jpg,vid7_pair1_frame64.jpg,1
vid7_pair2_frame124.jpg,vid7_pair2_frame164.jpg,0
vid7_pair3_frame134.jpg,vid7_pair3_frame164.jpg,0
vid7_pair4_frame181.jpg,vid7_pair4_frame221.jpg,1
vid7_pair5_frame127.jpg,vid7_pair5_frame97.jpg,0
vid7_pair6_frame67.jpg,vid7_pair6_frame93.jpg,1
vid7_pair7_frame152.jpg,vid7_pair7_frame212.jpg,0
vid7_pair8_frame179.jpg,vid7_pair8_frame63.jpg,1
vid7_pair9_frame143.jpg,vid7_pair9_frame98.jpg,0
vid8_pair0_frame61.jpg,vid8_pair0_frame76.jpg,1
vid8_pair1_frame109.jpg,vid8_pair1_frame154.jpg,1
vid8_pair2_frame117.jpg,vid8_pair2_frame86.jpg,1
vid8_pair3_frame149.jpg,vid8_pair3_frame89.jpg,1
vid8_pair4_frame126.jpg,vid8_pair4_frame86.jpg,1
vid8_pair5_frame112.jpg,vid8_pair5_frame127.jpg,1
vid8_pair6_frame109.jpg,vid8_pair6_frame79.jpg,1
vid8_pair7_frame59.jpg,vid8_pair7_frame89.jpg,1
vid8_pair8_frame27.jpg,vid8_pair8_frame57.jpg,0
vid8_pair9_frame64.jpg,vid8_pair9_frame94.jpg,1
vid9_pair0_frame433.jpg,vid9_pair0_frame448.jpg,1
vid9_pair1_frame5145.jpg,vid9_pair1_frame5175.jpg,0
vid9_pair2_frame5529.jpg,vid9_pair2_frame5589.jpg,1
vid9_pair3_frame6023.jpg,vid9_pair3_frame6053.jpg,0
vid9_pair4_frame2349.jpg,vid9_pair4_frame2389.jpg,0
vid9_pair5_frame4518.jpg,vid9_pair5_frame4519.jpg,1
vid9_pair6_frame5151.jpg,vid9_pair6_frame5181.jpg,0
vid9_pair7_frame798.jpg,vid9_pair7_frame828.jpg,1
vid9_pair8_frame1430.jpg,vid9_pair8_frame1490.jpg,0
vid9_pair9_frame2478.jpg,vid9_pair9_frame4349.jpg,0
vid10_pair0_frame466_rotate.jpg,vid10_pair0_frame939_rotate.jpg,0
vid10_pair0_frame466_rotate.jpg,vid10_pair0_frame939_flip.jpg,0
vid10_pair0_frame466_rotate.jpg,vid10_pair0_frame939_scale.jpg,0
vid10_pair0_frame466_flip.jpg,vid10_pair0_frame939_rotate.jpg,0
vid10_pair0_frame466_flip.jpg,vid10_pair0_frame939_flip.jpg,0
vid10_pair0_frame466_flip.jpg,vid10_pair0_frame939_scale.jpg,0
vid10_pair0_frame466_scale.jpg,vid10_pair0_frame939_rotate.jpg,0
vid10_pair0_frame466_scale.jpg,vid10_pair0_frame939_flip.jpg,0
vid10_pair0_frame466_scale.jpg,vid10_pair0_frame939_scale.jpg,0
vid10_pair1_frame362_rotate.jpg,vid10_pair1_frame392_rotate.jpg,0
vid10_pair1_frame362_rotate.jpg,vid10_pair1_frame392_flip.jpg,0
vid10_pair1_frame362_rotate.jpg,vid10_pair1_frame392_scale.jpg,0
vid10_pair1_frame362_flip.jpg,vid10_pair1_frame392_rotate.jpg,0
vid10_pair1_frame362_flip.jpg,vid10_pair1_frame392_flip.jpg,0
vid10_pair1_frame362_flip.jpg,vid10_pair1_frame392_scale.jpg,0
vid10_pair1_frame362_scale.jpg,vid10_pair1_frame392_rotate.jpg,0
vid10_pair1_frame362_scale.jpg,vid10_pair1_frame392_flip.jpg,0
vid10_pair1_frame362_scale.jpg,vid10_pair1_frame392_scale.jpg,0
vid10_pair2_frame784_rotate.jpg,vid10_pair2_frame824_rotate.jpg,0
vid10_pair2_frame784_rotate.jpg,vid10_pair2_frame824_flip.jpg,0
vid10_pair2_frame784_rotate.jpg,vid10_pair2_frame824_scale.jpg,0
vid10_pair2_frame784_flip.jpg,vid10_pair2_frame824_rotate.jpg,0
vid10_pair2_frame784_flip.jpg,vid10_pair2_frame824_flip.jpg,0
vid10_pair2_frame784_flip.jpg,vid10_pair2_frame824_scale.jpg,0
vid10_pair2_frame784_scale.jpg,vid10_pair2_frame824_rotate.jpg,0
vid10_pair2_frame784_scale.jpg,vid10_pair2_frame824_flip.jpg,0
vid10_pair2_frame784_scale.jpg,vid10_pair2_frame824_scale.jpg,0
vid10_pair3_frame614_rotate.jpg,vid10_pair3_frame654_rotate.jpg,0
vid10_pair3_frame614_rotate.jpg,vid10_pair3_frame654_flip.jpg,0
vid10_pair3_frame614_rotate.jpg,vid10_pair3_frame654_scale.jpg,0
vid10_pair3_frame614_flip.jpg,vid10_pair3_frame654_rotate.jpg,0
vid10_pair3_frame614_flip.jpg,vid10_pair3_frame654_flip.jpg,0
vid10_pair3_frame614_flip.jpg,vid10_pair3_frame654_scale.jpg,0
vid10_pair3_frame614_scale.jpg,vid10_pair3_frame654_rotate.jpg,0
vid10_pair3_frame614_scale.jpg,vid10_pair3_frame654_flip.jpg,0
vid10_pair3_frame614_scale.jpg,vid10_pair3_frame654_scale.jpg,0
vid10_pair4_frame369_rotate.jpg,vid10_pair4_frame399_rotate.jpg,0
vid10_pair4_frame369_rotate.jpg,vid10_pair4_frame399_flip.jpg,0
vid10_pair4_frame369_rotate.jpg,vid10_pair4_frame399_scale.jpg,0
vid10_pair4_frame369_flip.jpg,vid10_pair4_frame399_rotate.jpg,0
vid10_pair4_frame369_flip.jpg,vid10_pair4_frame399_flip.jpg,0
vid10_pair4_frame369_flip.jpg,vid10_pair4_frame399_scale.jpg,0
vid10_pair4_frame369_scale.jpg,vid10_pair4_frame399_rotate.jpg,0
vid10_pair4_frame369_scale.jpg,vid10_pair4_frame399_flip.jpg,0
vid10_pair4_frame369_scale.jpg,vid10_pair4_frame399_scale.jpg,0
vid10_pair5_frame150_rotate.jpg,vid10_pair5_frame180_rotate.jpg,0
vid10_pair5_frame150_rotate.jpg,vid10_pair5_frame180_flip.jpg,0
vid10_pair5_frame150_rotate.jpg,vid10_pair5_frame180_scale.jpg,0
vid10_pair5_frame150_flip.jpg,vid10_pair5_frame180_rotate.jpg,0
vid10_pair5_frame150_flip.jpg,vid10_pair5_frame180_flip.jpg,0
vid10_pair5_frame150_flip.jpg,vid10_pair5_frame180_scale.jpg,0
vid10_pair5_frame150_scale.jpg,vid10_pair5_frame180_rotate.jpg,0
vid10_pair5_frame150_scale.jpg,vid10_pair5_frame180_flip.jpg,0
vid10_pair5_frame150_scale.jpg,vid10_pair5_frame180_scale.jpg,0
vid10_pair6_frame719_rotate.jpg,vid10_pair6_frame764_rotate.jpg,1
vid10_pair6_frame719_rotate.jpg,vid10_pair6_frame764_flip.jpg,1
vid10_pair6_frame719_rotate.jpg,vid10_pair6_frame764_scale.jpg,1
vid10_pair6_frame719_flip.jpg,vid10_pair6_frame764_rotate.jpg,1
vid10_pair6_frame719_flip.jpg,vid10_pair6_frame764_flip.jpg,1
vid10_pair6_frame719_flip.jpg,vid10_pair6_frame764_scale.jpg,1
vid10_pair6_frame719_scale.jpg,vid10_pair6_frame764_rotate.jpg,1
vid10_pair6_frame719_scale.jpg,vid10_pair6_frame764_flip.jpg,1
vid10_pair6_frame719_scale.jpg,vid10_pair6_frame764_scale.jpg,1
vid10_pair7_frame650_rotate.jpg,vid10_pair7_frame680_rotate.jpg,0
vid10_pair7_frame650_rotate.jpg,vid10_pair7_frame680_flip.jpg,0
vid10_pair7_frame650_rotate.jpg,vid10_pair7_frame680_scale.jpg,0
vid10_pair7_frame650_flip.jpg,vid10_pair7_frame680_rotate.jpg,0
vid10_pair7_frame650_flip.jpg,vid10_pair7_frame680_flip.jpg,0
vid10_pair7_frame650_flip.jpg,vid10_pair7_frame680_scale.jpg,0
vid10_pair7_frame650_scale.jpg,vid10_pair7_frame680_rotate.jpg,0
vid10_pair7_frame650_scale.jpg,vid10_pair7_frame680_flip.jpg,0
vid10_pair7_frame650_scale.jpg,vid10_pair7_frame680_scale.jpg,0
vid10_pair8_frame379_rotate.jpg,vid10_pair8_frame419_rotate.jpg,1
vid10_pair8_frame379_rotate.jpg,vid10_pair8_frame419_flip.jpg,1
vid10_pair8_frame379_rotate.jpg,vid10_pair8_frame419_scale.jpg,1
vid10_pair8_frame379_flip.jpg,vid10_pair8_frame419_rotate.jpg,1
vid10_pair8_frame379_flip.jpg,vid10_pair8_frame419_flip.jpg,1
vid10_pair8_frame379_flip.jpg,vid10_pair8_frame419_scale.jpg,1
vid10_pair8_frame379_scale.jpg,vid10_pair8_frame419_rotate.jpg,1
vid10_pair8_frame379_scale.jpg,vid10_pair8_frame419_flip.jpg,1
vid10_pair8_frame379_scale.jpg,vid10_pair8_frame419_scale.jpg,1
vid10_pair9_frame1000_rotate.jpg,vid10_pair9_frame970_rotate.jpg,0
vid10_pair9_frame1000_rotate.jpg,vid10_pair9_frame970_flip.jpg,0
vid10_pair9_frame1000_rotate.jpg,vid10_pair9_frame970_scale.jpg,0
vid10_pair9_frame1000_flip.jpg,vid10_pair9_frame970_rotate.jpg,0
vid10_pair9_frame1000_flip.jpg,vid10_pair9_frame970_flip.jpg,0
vid10_pair9_frame1000_flip.jpg,vid10_pair9_frame970_scale.jpg,0
vid10_pair9_frame1000_scale.jpg,vid10_pair9_frame970_rotate.jpg,0
vid10_pair9_frame1000_scale.jpg,vid10_pair9_frame970_flip.jpg,0
vid10_pair9_frame1000_scale.jpg,vid10_pair9_frame970_scale.jpg,0
vid1_pair0_frame250_rotate.jpg,vid1_pair0_frame310_rotate.jpg,0
vid1_pair0_frame250_rotate.jpg,vid1_pair0_frame310_flip.jpg,0
vid1_pair0_frame250_rotate.jpg,vid1_pair0_frame310_scale.jpg,0
vid1_pair0_frame250_flip.jpg,vid1_pair0_frame310_rotate.jpg,0
vid1_pair0_frame250_flip.jpg,vid1_pair0_frame310_flip.jpg,0
vid1_pair0_frame250_flip.jpg,vid1_pair0_frame310_scale.jpg,0
vid1_pair0_frame250_scale.jpg,vid1_pair0_frame310_rotate.jpg,0
vid1_pair0_frame250_scale.jpg,vid1_pair0_frame310_flip.jpg,0
vid1_pair0_frame250_scale.jpg,vid1_pair0_frame310_scale.jpg,0
vid1_pair1_frame423_rotate.jpg,vid1_pair1_frame438_rotate.jpg,1
vid1_pair1_frame423_rotate.jpg,vid1_pair1_frame438_flip.jpg,1
vid1_pair1_frame423_rotate.jpg,vid1_pair1_frame438_scale.jpg,1
vid1_pair1_frame423_flip.jpg,vid1_pair1_frame438_rotate.jpg,1
vid1_pair1_frame423_flip.jpg,vid1_pair1_frame438_flip.jpg,1
vid1_pair1_frame423_flip.jpg,vid1_pair1_frame438_scale.jpg,1
vid1_pair1_frame423_scale.jpg,vid1_pair1_frame438_rotate.jpg,1
vid1_pair1_frame423_scale.jpg,vid1_pair1_frame438_flip.jpg,1
vid1_pair1_frame423_scale.jpg,vid1_pair1_frame438_scale.jpg,1
vid1_pair2_frame378_rotate.jpg,vid1_pair2_frame393_rotate.jpg,1
vid1_pair2_frame378_rotate.jpg,vid1_pair2_frame393_flip.jpg,1
vid1_pair2_frame378_rotate.jpg,vid1_pair2_frame393_scale.jpg,1
vid1_pair2_frame378_flip.jpg,vid1_pair2_frame393_rotate.jpg,1
vid1_pair2_frame378_flip.jpg,vid1_pair2_frame393_flip.jpg,1
vid1_pair2_frame378_flip.jpg,vid1_pair2_frame393_scale.jpg,1
vid1_pair2_frame378_scale.jpg,vid1_pair2_frame393_rotate.jpg,1
vid1_pair2_frame378_scale.jpg,vid1_pair2_frame393_flip.jpg,1
vid1_pair2_frame378_scale.jpg,vid1_pair2_frame393_scale.jpg,1
vid1_pair3_frame504_rotate.jpg,vid1_pair3_frame549_rotate.jpg,1
vid1_pair3_frame504_rotate.jpg,vid1_pair3_frame549_flip.jpg,1
vid1_pair3_frame504_rotate.jpg,vid1_pair3_frame549_scale.jpg,1
vid1_pair3_frame504_flip.jpg,vid1_pair3_frame549_rotate.jpg,1
vid1_pair3_frame504_flip.jpg,vid1_pair3_frame549_flip.jpg,1
vid1_pair3_frame504_flip.jpg,vid1_pair3_frame549_scale.jpg,1
vid1_pair3_frame504_scale.jpg,vid1_pair3_frame549_rotate.jpg,1
vid1_pair3_frame504_scale.jpg,vid1_pair3_frame549_flip.jpg,1
vid1_pair3_frame504_scale.jpg,vid1_pair3_frame549_scale.jpg,1
vid1_pair4_frame189_rotate.jpg,vid1_pair4_frame204_rotate.jpg,1
vid1_pair4_frame189_rotate.jpg,vid1_pair4_frame204_flip.jpg,1
vid1_pair4_frame189_rotate.jpg,vid1_pair4_frame204_scale.jpg,1
vid1_pair4_frame189_flip.jpg,vid1_pair4_frame204_rotate.jpg,1
vid1_pair4_frame189_flip.jpg,vid1_pair4_frame204_flip.jpg,1
vid1_pair4_frame189_flip.jpg,vid1_pair4_frame204_scale.jpg,1
vid1_pair4_frame189_scale.jpg,vid1_pair4_frame204_rotate.jpg,1
vid1_pair4_frame189_scale.jpg,vid1_pair4_frame204_flip.jpg,1
vid1_pair4_frame189_scale.jpg,vid1_pair4_frame204_scale.jpg,1
vid1_pair5_frame360_rotate.jpg,vid1_pair5_frame390_rotate.jpg,0
vid1_pair5_frame360_rotate.jpg,vid1_pair5_frame390_flip.jpg,0
vid1_pair5_frame360_rotate.jpg,vid1_pair5_frame390_scale.jpg,0
vid1_pair5_frame360_flip.jpg,vid1_pair5_frame390_rotate.jpg,0
vid1_pair5_frame360_flip.jpg,vid1_pair5_frame390_flip.jpg,0
vid1_pair5_frame360_flip.jpg,vid1_pair5_frame390_scale.jpg,0
vid1_pair5_frame360_scale.jpg,vid1_pair5_frame390_rotate.jpg,0
vid1_pair5_frame360_scale.jpg,vid1_pair5_frame390_flip.jpg,0
vid1_pair5_frame360_scale.jpg,vid1_pair5_frame390_scale.jpg,0
vid1_pair6_frame272_rotate.jpg,vid1_pair6_frame302_rotate.jpg,1
vid1_pair6_frame272_rotate.jpg,vid1_pair6_frame302_flip.jpg,1
vid1_pair6_frame272_rotate.jpg,vid1_pair6_frame302_scale.jpg,1
vid1_pair6_frame272_flip.jpg,vid1_pair6_frame302_rotate.jpg,1
vid1_pair6_frame272_flip.jpg,vid1_pair6_frame302_flip.jpg,1
vid1_pair6_frame272_flip.jpg,vid1_pair6_frame302_scale.jpg,1
vid1_pair6_frame272_scale.jpg,vid1_pair6_frame302_rotate.jpg,1
vid1_pair6_frame272_scale.jpg,vid1_pair6_frame302_flip.jpg,1
vid1_pair6_frame272_scale.jpg,vid1_pair6_frame302_scale.jpg,1
vid1_pair7_frame28_rotate.jpg,vid1_pair7_frame73_rotate.jpg,1
vid1_pair7_frame28_rotate.jpg,vid1_pair7_frame73_flip.jpg,1
vid1_pair7_frame28_rotate.jpg,vid1_pair7_frame73_scale.jpg,1
vid1_pair7_frame28_flip.jpg,vid1_pair7_frame73_rotate.jpg,1
vid1_pair7_frame28_flip.jpg,vid1_pair7_frame73_flip.jpg,1
vid1_pair7_frame28_flip.jpg,vid1_pair7_frame73_scale.jpg,1
vid1_pair7_frame28_scale.jpg,vid1_pair7_frame73_rotate.jpg,1
vid1_pair7_frame28_scale.jpg,vid1_pair7_frame73_flip.jpg,1
vid1_pair7_frame28_scale.jpg,vid1_pair7_frame73_scale.jpg,1
vid1_pair8_frame13_rotate.jpg,vid1_pair8_frame43_rotate.jpg,0
vid1_pair8_frame13_rotate.jpg,vid1_pair8_frame43_flip.jpg,0
vid1_pair8_frame13_rotate.jpg,vid1_pair8_frame43_scale.jpg,0
vid1_pair8_frame13_flip.jpg,vid1_pair8_frame43_rotate.jpg,0
vid1_pair8_frame13_flip.jpg,vid1_pair8_frame43_flip.jpg,0
vid1_pair8_frame13_flip.jpg,vid1_pair8_frame43_scale.jpg,0
vid1_pair8_frame13_scale.jpg,vid1_pair8_frame43_rotate.jpg,0
vid1_pair8_frame13_scale.jpg,vid1_pair8_frame43_flip.jpg,0
vid1_pair8_frame13_scale.jpg,vid1_pair8_frame43_scale.jpg,0
vid1_pair9_frame265_rotate.jpg,vid1_pair9_frame280_rotate.jpg,0
vid1_pair9_frame265_rotate.jpg,vid1_pair9_frame280_flip.jpg,0
vid1_pair9_frame265_rotate.jpg,vid1_pair9_frame280_scale.jpg,0
vid1_pair9_frame265_flip.jpg,vid1_pair9_frame280_rotate.jpg,0
vid1_pair9_frame265_flip.jpg,vid1_pair9_frame280_flip.jpg,0
vid1_pair9_frame265_flip.jpg,vid1_pair9_frame280_scale.jpg,0
vid1_pair9_frame265_scale.jpg,vid1_pair9_frame280_rotate.jpg,0
vid1_pair9_frame265_scale.jpg,vid1_pair9_frame280_flip.jpg,0
vid1_pair9_frame265_scale.jpg,vid1_pair9_frame280_scale.jpg,0
vid2_pair0_frame157_rotate.jpg,vid2_pair0_frame68_rotate.jpg,0
vid2_pair0_frame157_rotate.jpg,vid2_pair0_frame68_flip.jpg,0
vid2_pair0_frame157_rotate.jpg,vid2_pair0_frame68_scale.jpg,0
vid2_pair0_frame157_flip.jpg,vid2_pair0_frame68_rotate.jpg,0
vid2_pair0_frame157_flip.jpg,vid2_pair0_frame68_flip.jpg,0
vid2_pair0_frame157_flip.jpg,vid2_pair0_frame68_scale.jpg,0
vid2_pair0_frame157_scale.jpg,vid2_pair0_frame68_rotate.jpg,0
vid2_pair0_frame157_scale.jpg,vid2_pair0_frame68_flip.jpg,0
vid2_pair0_frame157_scale.jpg,vid2_pair0_frame68_scale.jpg,0
vid2_pair1_frame11_rotate.jpg,vid2_pair1_frame51_rotate.jpg,1
vid2_pair1_frame11_rotate.jpg,vid2_pair1_frame51_flip.jpg,1
vid2_pair1_frame11_rotate.jpg,vid2_pair1_frame51_scale.jpg,1
vid2_pair1_frame11_flip.jpg,vid2_pair1_frame51_rotate.jpg,1
vid2_pair1_frame11_flip.jpg,vid2_pair1_frame51_flip.jpg,1
vid2_pair1_frame11_flip.jpg,vid2_pair1_frame51_scale.jpg,1
vid2_pair1_frame11_scale.jpg,vid2_pair1_frame51_rotate.jpg,1
vid2_pair1_frame11_scale.jpg,vid2_pair1_frame51_flip.jpg,1
vid2_pair1_frame11_scale.jpg,vid2_pair1_frame51_scale.jpg,1
vid2_pair2_frame437_rotate.jpg,vid2_pair2_frame467_rotate.jpg,1
vid2_pair2_frame437_rotate.jpg,vid2_pair2_frame467_flip.jpg,1
vid2_pair2_frame437_rotate.jpg,vid2_pair2_frame467_scale.jpg,1
vid2_pair2_frame437_flip.jpg,vid2_pair2_frame467_rotate.jpg,1
vid2_pair2_frame437_flip.jpg,vid2_pair2_frame467_flip.jpg,1
vid2_pair2_frame437_flip.jpg,vid2_pair2_frame467_scale.jpg,1
vid2_pair2_frame437_scale.jpg,vid2_pair2_frame467_rotate.jpg,1
vid2_pair2_frame437_scale.jpg,vid2_pair2_frame467_flip.jpg,1
vid2_pair2_frame437_scale.jpg,vid2_pair2_frame467_scale.jpg,1
vid2_pair3_frame109_rotate.jpg,vid2_pair3_frame69_rotate.jpg,0
vid2_pair3_frame109_rotate.jpg,vid2_pair3_frame69_flip.jpg,0
vid2_pair3_frame109_rotate.jpg,vid2_pair3_frame69_scale.jpg,0
vid2_pair3_frame109_flip.jpg,vid2_pair3_frame69_rotate.jpg,0
vid2_pair3_frame109_flip.jpg,vid2_pair3_frame69_flip.jpg,0
vid2_pair3_frame109_flip.jpg,vid2_pair3_frame69_scale.jpg,0
vid2_pair3_frame109_scale.jpg,vid2_pair3_frame69_rotate.jpg,0
vid2_pair3_frame109_scale.jpg,vid2_pair3_frame69_flip.jpg,0
vid2_pair3_frame109_scale.jpg,vid2_pair3_frame69_scale.jpg,0
vid2_pair4_frame488_rotate.jpg,vid2_pair4_frame533_rotate.jpg,0
vid2_pair4_frame488_rotate.jpg,vid2_pair4_frame533_flip.jpg,0
vid2_pair4_frame488_rotate.jpg,vid2_pair4_frame533_scale.jpg,0
vid2_pair4_frame488_flip.jpg,vid2_pair4_frame533_rotate.jpg,0
vid2_pair4_frame488_flip.jpg,vid2_pair4_frame533_flip.jpg,0
vid2_pair4_frame488_flip.jpg,vid2_pair4_frame533_scale.jpg,0
vid2_pair4_frame488_scale.jpg,vid2_pair4_frame533_rotate.jpg,0
vid2_pair4_frame488_scale.jpg,vid2_pair4_frame533_flip.jpg,0
vid2_pair4_frame488_scale.jpg,vid2_pair4_frame533_scale.jpg,0
vid2_pair5_frame308_rotate.jpg,vid2_pair5_frame348_rotate.jpg,0
vid2_pair5_frame308_rotate.jpg,vid2_pair5_frame348_flip.jpg,0
vid2_pair5_frame308_rotate.jpg,vid2_pair5_frame348_scale.jpg,0
vid2_pair5_frame308_flip.jpg,vid2_pair5_frame348_rotate.jpg,0
vid2_pair5_frame308_flip.jpg,vid2_pair5_frame348_flip.jpg,0
vid2_pair5_frame308_flip.jpg,vid2_pair5_frame348_scale.jpg,0
vid2_pair5_frame308_scale.jpg,vid2_pair5_frame348_rotate.jpg,0
vid2_pair5_frame308_scale.jpg,vid2_pair5_frame348_flip.jpg,0
vid2_pair5_frame308_scale.jpg,vid2_pair5_frame348_scale.jpg,0
vid2_pair6_frame184_rotate.jpg,vid2_pair6_frame281_rotate.jpg,1
vid2_pair6_frame184_rotate.jpg,vid2_pair6_frame281_flip.jpg,1
vid2_pair6_frame184_rotate.jpg,vid2_pair6_frame281_scale.jpg,1
vid2_pair6_frame184_flip.jpg,vid2_pair6_frame281_rotate.jpg,1
vid2_pair6_frame184_flip.jpg,vid2_pair6_frame281_flip.jpg,1
vid2_pair6_frame184_flip.jpg,vid2_pair6_frame281_scale.jpg,1
vid2_pair6_frame184_scale.jpg,vid2_pair6_frame281_rotate.jpg,1
vid2_pair6_frame184_scale.jpg,vid2_pair6_frame281_flip.jpg,1
vid2_pair6_frame184_scale.jpg,vid2_pair6_frame281_scale.jpg,1
vid2_pair7_frame594_rotate.jpg,vid2_pair7_frame639_rotate.jpg,0
vid2_pair7_frame594_rotate.jpg,vid2_pair7_frame639_flip.jpg,0
vid2_pair7_frame594_rotate.jpg,vid2_pair7_frame639_scale.jpg,0
vid2_pair7_frame594_flip.jpg,vid2_pair7_frame639_rotate.jpg,0
vid2_pair7_frame594_flip.jpg,vid2_pair7_frame639_flip.jpg,0
vid2_pair7_frame594_flip.jpg,vid2_pair7_frame639_scale.jpg,0
vid2_pair7_frame594_scale.jpg,vid2_pair7_frame639_rotate.jpg,0
vid2_pair7_frame594_scale.jpg,vid2_pair7_frame639_flip.jpg,0
vid2_pair7_frame594_scale.jpg,vid2_pair7_frame639_scale.jpg,0
vid2_pair8_frame294_rotate.jpg,vid2_pair8_frame309_rotate.jpg,1
vid2_pair8_frame294_rotate.jpg,vid2_pair8_frame309_flip.jpg,1
vid2_pair8_frame294_rotate.jpg,vid2_pair8_frame309_scale.jpg,1
vid2_pair8_frame294_flip.jpg,vid2_pair8_frame309_rotate.jpg,1
vid2_pair8_frame294_flip.jpg,vid2_pair8_frame309_flip.jpg,1
vid2_pair8_frame294_flip.jpg,vid2_pair8_frame309_scale.jpg,1
vid2_pair8_frame294_scale.jpg,vid2_pair8_frame309_rotate.jpg,1
vid2_pair8_frame294_scale.jpg,vid2_pair8_frame309_flip.jpg,1
vid2_pair8_frame294_scale.jpg,vid2_pair8_frame309_scale.jpg,1
vid2_pair9_frame138_rotate.jpg,vid2_pair9_frame98_rotate.jpg,0
vid2_pair9_frame138_rotate.jpg,vid2_pair9_frame98_flip.jpg,0
vid2_pair9_frame138_rotate.jpg,vid2_pair9_frame98_scale.jpg,0
vid2_pair9_frame138_flip.jpg,vid2_pair9_frame98_rotate.jpg,0
vid2_pair9_frame138_flip.jpg,vid2_pair9_frame98_flip.jpg,0
vid2_pair9_frame138_flip.jpg,vid2_pair9_frame98_scale.jpg,0
vid2_pair9_frame138_scale.jpg,vid2_pair9_frame98_rotate.jpg,0
vid2_pair9_frame138_scale.jpg,vid2_pair9_frame98_flip.jpg,0
vid2_pair9_frame138_scale.jpg,vid2_pair9_frame98_scale.jpg,0
vid3_pair0_frame482_rotate.jpg,vid3_pair0_frame542_rotate.jpg,0
vid3_pair0_frame482_rotate.jpg,vid3_pair0_frame542_flip.jpg,0
vid3_pair0_frame482_rotate.jpg,vid3_pair0_frame542_scale.jpg,0
vid3_pair0_frame482_flip.jpg,vid3_pair0_frame542_rotate.jpg,0
vid3_pair0_frame482_flip.jpg,vid3_pair0_frame542_flip.jpg,0
vid3_pair0_frame482_flip.jpg,vid3_pair0_frame542_scale.jpg,0
vid3_pair0_frame482_scale.jpg,vid3_pair0_frame542_rotate.jpg,0
vid3_pair0_frame482_scale.jpg,vid3_pair0_frame542_flip.jpg,0
vid3_pair0_frame482_scale.jpg,vid3_pair0_frame542_scale.jpg,0
vid3_pair1_frame60_rotate.jpg,vid3_pair1_frame90_rotate.jpg,1
vid3_pair1_frame60_rotate.jpg,vid3_pair1_frame90_flip.jpg,1
vid3_pair1_frame60_rotate.jpg,vid3_pair1_frame90_scale.jpg,1
vid3_pair1_frame60_flip.jpg,vid3_pair1_frame90_rotate.jpg,1
vid3_pair1_frame60_flip.jpg,vid3_pair1_frame90_flip.jpg,1
vid3_pair1_frame60_flip.jpg,vid3_pair1_frame90_scale.jpg,1
vid3_pair1_frame60_scale.jpg,vid3_pair1_frame90_rotate.jpg,1
vid3_pair1_frame60_scale.jpg,vid3_pair1_frame90_flip.jpg,1
vid3_pair1_frame60_scale.jpg,vid3_pair1_frame90_scale.jpg,1
vid3_pair2_frame144_rotate.jpg,vid3_pair2_frame174_rotate.jpg,1
vid3_pair2_frame144_rotate.jpg,vid3_pair2_frame174_flip.jpg,1
vid3_pair2_frame144_rotate.jpg,vid3_pair2_frame174_scale.jpg,1
vid3_pair2_frame144_flip.jpg,vid3_pair2_frame174_rotate.jpg,1
vid3_pair2_frame144_flip.jpg,vid3_pair2_frame174_flip.jpg,1
vid3_pair2_frame144_flip.jpg,vid3_pair2_frame174_scale.jpg,1
vid3_pair2_frame144_scale.jpg,vid3_pair2_frame174_rotate.jpg,1
vid3_pair2_frame144_scale.jpg,vid3_pair2_frame174_flip.jpg,1
vid3_pair2_frame144_scale.jpg,vid3_pair2_frame174_scale.jpg,1
vid3_pair3_frame15_rotate.jpg,vid3_pair3_frame75_rotate.jpg,1
vid3_pair3_frame15_rotate.jpg,vid3_pair3_frame75_flip.jpg,1
vid3_pair3_frame15_rotate.jpg,vid3_pair3_frame75_scale.jpg,1
vid3_pair3_frame15_flip.jpg,vid3_pair3_frame75_rotate.jpg,1
vid3_pair3_frame15_flip.jpg,vid3_pair3_frame75_flip.jpg,1
vid3_pair3_frame15_flip.jpg,vid3_pair3_frame75_scale.jpg,1
vid3_pair3_frame15_scale.jpg,vid3_pair3_frame75_rotate.jpg,1
vid3_pair3_frame15_scale.jpg,vid3_pair3_frame75_flip.jpg,1
vid3_pair3_frame15_scale.jpg,vid3_pair3_frame75_scale.jpg,1
vid3_pair4_frame647_rotate.jpg,vid3_pair4_frame662_rotate.jpg,1
vid3_pair4_frame647_rotate.jpg,vid3_pair4_frame662_flip.jpg,1
vid3_pair4_frame647_rotate.jpg,vid3_pair4_frame662_scale.jpg,1
vid3_pair4_frame647_flip.jpg,vid3_pair4_frame662_rotate.jpg,1
vid3_pair4_frame647_flip.jpg,vid3_pair4_frame662_flip.jpg,1
vid3_pair4_frame647_flip.jpg,vid3_pair4_frame662_scale.jpg,1
vid3_pair4_frame647_scale.jpg,vid3_pair4_frame662_rotate.jpg,1
vid3_pair4_frame647_scale.jpg,vid3_pair4_frame662_flip.jpg,1
vid3_pair4_frame647_scale.jpg,vid3_pair4_frame662_scale.jpg,1
vid3_pair5_frame50_rotate.jpg,vid3_pair5_frame65_rotate.jpg,1
vid3_pair5_frame50_rotate.jpg,vid3_pair5_frame65_flip.jpg,1
vid3_pair5_frame50_rotate.jpg,vid3_pair5_frame65_scale.jpg,1
vid3_pair5_frame50_flip.jpg,vid3_pair5_frame65_rotate.jpg,1
vid3_pair5_frame50_flip.jpg,vid3_pair5_frame65_flip.jpg,1
vid3_pair5_frame50_flip.jpg,vid3_pair5_frame65_scale.jpg,1
vid3_pair5_frame50_scale.jpg,vid3_pair5_frame65_rotate.jpg,1
vid3_pair5_frame50_scale.jpg,vid3_pair5_frame65_flip.jpg,1
vid3_pair5_frame50_scale.jpg,vid3_pair5_frame65_scale.jpg,1
vid3_pair6_frame204_rotate.jpg,vid3_pair6_frame234_rotate.jpg,0
vid3_pair6_frame204_rotate.jpg,vid3_pair6_frame234_flip.jpg,0
vid3_pair6_frame204_rotate.jpg,vid3_pair6_frame234_scale.jpg,0
vid3_pair6_frame204_flip.jpg,vid3_pair6_frame234_rotate.jpg,0
vid3_pair6_frame204_flip.jpg,vid3_pair6_frame234_flip.jpg,0
vid3_pair6_frame204_flip.jpg,vid3_pair6_frame234_scale.jpg,0
vid3_pair6_frame204_scale.jpg,vid3_pair6_frame234_rotate.jpg,0
vid3_pair6_frame204_scale.jpg,vid3_pair6_frame234_flip.jpg,0
vid3_pair6_frame204_scale.jpg,vid3_pair6_frame234_scale.jpg,0
vid3_pair7_frame620_rotate.jpg,vid3_pair7_frame754_rotate.jpg,1
vid3_pair7_frame620_rotate.jpg,vid3_pair7_frame754_flip.jpg,1
vid3_pair7_frame620_rotate.jpg,vid3_pair7_frame754_scale.jpg,1
vid3_pair7_frame620_flip.jpg,vid3_pair7_frame754_rotate.jpg,1
vid3_pair7_frame620_flip.jpg,vid3_pair7_frame754_flip.jpg,1
vid3_pair7_frame620_flip.jpg,vid3_pair7_frame754_scale.jpg,1
vid3_pair7_frame620_scale.jpg,vid3_pair7_frame754_rotate.jpg,1
vid3_pair7_frame620_scale.jpg,vid3_pair7_frame754_flip.jpg,1
vid3_pair7_frame620_scale.jpg,vid3_pair7_frame754_scale.jpg,1
vid3_pair8_frame451_rotate.jpg,vid3_pair8_frame511_rotate.jpg,0
vid3_pair8_frame451_rotate.jpg,vid3_pair8_frame511_flip.jpg,0
vid3_pair8_frame451_rotate.jpg,vid3_pair8_frame511_scale.jpg,0
vid3_pair8_frame451_flip.jpg,vid3_pair8_frame511_rotate.jpg,0
vid3_pair8_frame451_flip.jpg,vid3_pair8_frame511_flip.jpg,0
vid3_pair8_frame451_flip.jpg,vid3_pair8_frame511_scale.jpg,0
vid3_pair8_frame451_scale.jpg,vid3_pair8_frame511_rotate.jpg,0
vid3_pair8_frame451_scale.jpg,vid3_pair8_frame511_flip.jpg,0
vid3_pair8_frame451_scale.jpg,vid3_pair8_frame511_scale.jpg,0
vid3_pair9_frame224_rotate.jpg,vid3_pair9_frame269_rotate.jpg,0
vid3_pair9_frame224_rotate.jpg,vid3_pair9_frame269_flip.jpg,0
vid3_pair9_frame224_rotate.jpg,vid3_pair9_frame269_scale.jpg,0
vid3_pair9_frame224_flip.jpg,vid3_pair9_frame269_rotate.jpg,0
vid3_pair9_frame224_flip.jpg,vid3_pair9_frame269_flip.jpg,0
vid3_pair9_frame224_flip.jpg,vid3_pair9_frame269_scale.jpg,0
vid3_pair9_frame224_scale.jpg,vid3_pair9_frame269_rotate.jpg,0
vid3_pair9_frame224_scale.jpg,vid3_pair9_frame269_flip.jpg,0
vid3_pair9_frame224_scale.jpg,vid3_pair9_frame269_scale.jpg,0
vid4_pair0_frame750_rotate.jpg,vid4_pair0_frame790_rotate.jpg,1
vid4_pair0_frame750_rotate.jpg,vid4_pair0_frame790_flip.jpg,1
vid4_pair0_frame750_rotate.jpg,vid4_pair0_frame790_scale.jpg,1
vid4_pair0_frame750_flip.jpg,vid4_pair0_frame790_rotate.jpg,1
vid4_pair0_frame750_flip.jpg,vid4_pair0_frame790_flip.jpg,1
vid4_pair0_frame750_flip.jpg,vid4_pair0_frame790_scale.jpg,1
vid4_pair0_frame750_scale.jpg,vid4_pair0_frame790_rotate.jpg,1
vid4_pair0_frame750_scale.jpg,vid4_pair0_frame790_flip.jpg,1
vid4_pair0_frame750_scale.jpg,vid4_pair0_frame790_scale.jpg,1
vid4_pair1_frame936_rotate.jpg,vid4_pair1_frame996_rotate.jpg,1
vid4_pair1_frame936_rotate.jpg,vid4_pair1_frame996_flip.jpg,1
vid4_pair1_frame936_rotate.jpg,vid4_pair1_frame996_scale.jpg,1
vid4_pair1_frame936_flip.jpg,vid4_pair1_frame996_rotate.jpg,1
vid4_pair1_frame936_flip.jpg,vid4_pair1_frame996_flip.jpg,1
vid4_pair1_frame936_flip.jpg,vid4_pair1_frame996_scale.jpg,1
vid4_pair1_frame936_scale.jpg,vid4_pair1_frame996_rotate.jpg,1
vid4_pair1_frame936_scale.jpg,vid4_pair1_frame996_flip.jpg,1
vid4_pair1_frame936_scale.jpg,vid4_pair1_frame996_scale.jpg,1
vid4_pair2_frame789_rotate.jpg,vid4_pair2_frame819_rotate.jpg,1
vid4_pair2_frame789_rotate.jpg,vid4_pair2_frame819_flip.jpg,1
vid4_pair2_frame789_rotate.jpg,vid4_pair2_frame819_scale.jpg,1
vid4_pair2_frame789_flip.jpg,vid4_pair2_frame819_rotate.jpg,1
vid4_pair2_frame789_flip.jpg,vid4_pair2_frame819_flip.jpg,1
vid4_pair2_frame789_flip.jpg,vid4_pair2_frame819_scale.jpg,1
vid4_pair2_frame789_scale.jpg,vid4_pair2_frame819_rotate.jpg,1
vid4_pair2_frame789_scale.jpg,vid4_pair2_frame819_flip.jpg,1
vid4_pair2_frame789_scale.jpg,vid4_pair2_frame819_scale.jpg,1
vid4_pair3_frame181_rotate.jpg,vid4_pair3_frame196_rotate.jpg,1
vid4_pair3_frame181_rotate.jpg,vid4_pair3_frame196_flip.jpg,1
vid4_pair3_frame181_rotate.jpg,vid4_pair3_frame196_scale.jpg,1
vid4_pair3_frame181_flip.jpg,vid4_pair3_frame196_rotate.jpg,1
vid4_pair3_frame181_flip.jpg,vid4_pair3_frame196_flip.jpg,1
vid4_pair3_frame181_flip.jpg,vid4_pair3_frame196_scale.jpg,1
vid4_pair3_frame181_scale.jpg,vid4_pair3_frame196_rotate.jpg,1
vid4_pair3_frame181_scale.jpg,vid4_pair3_frame196_flip.jpg,1
vid4_pair3_frame181_scale.jpg,vid4_pair3_frame196_scale.jpg,1
vid4_pair4_frame1028_rotate.jpg,vid4_pair4_frame913_rotate.jpg,1
vid4_pair4_frame1028_rotate.jpg,vid4_pair4_frame913_flip.jpg,1
vid4_pair4_frame1028_rotate.jpg,vid4_pair4_frame913_scale.jpg,1
vid4_pair4_frame1028_flip.jpg,vid4_pair4_frame913_rotate.jpg,1
vid4_pair4_frame1028_flip.jpg,vid4_pair4_frame913_flip.jpg,1
vid4_pair4_frame1028_flip.jpg,vid4_pair4_frame913_scale.jpg,1
vid4_pair4_frame1028_scale.jpg,vid4_pair4_frame913_rotate.jpg,1
vid4_pair4_frame1028_scale.jpg,vid4_pair4_frame913_flip.jpg,1
vid4_pair4_frame1028_scale.jpg,vid4_pair4_frame913_scale.jpg,1
vid4_pair5_frame806_rotate.jpg,vid4_pair5_frame836_rotate.jpg,0
vid4_pair5_frame806_rotate.jpg,vid4_pair5_frame836_flip.jpg,0
vid4_pair5_frame806_rotate.jpg,vid4_pair5_frame836_scale.jpg,0
vid4_pair5_frame806_flip.jpg,vid4_pair5_frame836_rotate.jpg,0
vid4_pair5_frame806_flip.jpg,vid4_pair5_frame836_flip.jpg,0
vid4_pair5_frame806_flip.jpg,vid4_pair5_frame836_scale.jpg,0
vid4_pair5_frame806_scale.jpg,vid4_pair5_frame836_rotate.jpg,0
vid4_pair5_frame806_scale.jpg,vid4_pair5_frame836_flip.jpg,0
vid4_pair5_frame806_scale.jpg,vid4_pair5_frame836_scale.jpg,0
vid4_pair6_frame819_rotate.jpg,vid4_pair6_frame834_rotate.jpg,0
vid4_pair6_frame819_rotate.jpg,vid4_pair6_frame834_flip.jpg,0
vid4_pair6_frame819_rotate.jpg,vid4_pair6_frame834_scale.jpg,0
vid4_pair6_frame819_flip.jpg,vid4_pair6_frame834_rotate.jpg,0
vid4_pair6_frame819_flip.jpg,vid4_pair6_frame834_flip.jpg,0
vid4_pair6_frame819_flip.jpg,vid4_pair6_frame834_scale.jpg,0
vid4_pair6_frame819_scale.jpg,vid4_pair6_frame834_rotate.jpg,0
vid4_pair6_frame819_scale.jpg,vid4_pair6_frame834_flip.jpg,0
vid4_pair6_frame819_scale.jpg,vid4_pair6_frame834_scale.jpg,0
vid4_pair7_frame392_rotate.jpg,vid4_pair7_frame407_rotate.jpg,1
vid4_pair7_frame392_rotate.jpg,vid4_pair7_frame407_flip.jpg,1
vid4_pair7_frame392_rotate.jpg,vid4_pair7_frame407_scale.jpg,1
vid4_pair7_frame392_flip.jpg,vid4_pair7_frame407_rotate.jpg,1
vid4_pair7_frame392_flip.jpg,vid4_pair7_frame407_flip.jpg,1
vid4_pair7_frame392_flip.jpg,vid4_pair7_frame407_scale.jpg,1
vid4_pair7_frame392_scale.jpg,vid4_pair7_frame407_rotate.jpg,1
vid4_pair7_frame392_scale.jpg,vid4_pair7_frame407_flip.jpg,1
vid4_pair7_frame392_scale.jpg,vid4_pair7_frame407_scale.jpg,1
vid4_pair8_frame629_rotate.jpg,vid4_pair8_frame689_rotate.jpg,1
vid4_pair8_frame629_rotate.jpg,vid4_pair8_frame689_flip.jpg,1
vid4_pair8_frame629_rotate.jpg,vid4_pair8_frame689_scale.jpg,1
vid4_pair8_frame629_flip.jpg,vid4_pair8_frame689_rotate.jpg,1
vid4_pair8_frame629_flip.jpg,vid4_pair8_frame689_flip.jpg,1
vid4_pair8_frame629_flip.jpg,vid4_pair8_frame689_scale.jpg,1
vid4_pair8_frame629_scale.jpg,vid4_pair8_frame689_rotate.jpg,1
vid4_pair8_frame629_scale.jpg,vid4_pair8_frame689_flip.jpg,1
vid4_pair8_frame629_scale.jpg,vid4_pair8_frame689_scale.jpg,1
vid4_pair9_frame978_rotate.jpg,vid4_pair9_frame993_rotate.jpg,1
vid4_pair9_frame978_rotate.jpg,vid4_pair9_frame993_flip.jpg,1
vid4_pair9_frame978_rotate.jpg,vid4_pair9_frame993_scale.jpg,1
vid4_pair9_frame978_flip.jpg,vid4_pair9_frame993_rotate.jpg,1
vid4_pair9_frame978_flip.jpg,vid4_pair9_frame993_flip.jpg,1
vid4_pair9_frame978_flip.jpg,vid4_pair9_frame993_scale.jpg,1
vid4_pair9_frame978_scale.jpg,vid4_pair9_frame993_rotate.jpg,1
vid4_pair9_frame978_scale.jpg,vid4_pair9_frame993_flip.jpg,1
vid4_pair9_frame978_scale.jpg,vid4_pair9_frame993_scale.jpg,1
vid5_pair0_frame782_rotate.jpg,vid5_pair0_frame812_rotate.jpg,0
vid5_pair0_frame782_rotate.jpg,vid5_pair0_frame812_flip.jpg,0
vid5_pair0_frame782_rotate.jpg,vid5_pair0_frame812_scale.jpg,0
vid5_pair0_frame782_flip.jpg,vid5_pair0_frame812_rotate.jpg,0
vid5_pair0_frame782_flip.jpg,vid5_pair0_frame812_flip.jpg,0
vid5_pair0_frame782_flip.jpg,vid5_pair0_frame812_scale.jpg,0
vid5_pair0_frame782_scale.jpg,vid5_pair0_frame812_rotate.jpg,0
vid5_pair0_frame782_scale.jpg,vid5_pair0_frame812_flip.jpg,0
vid5_pair0_frame782_scale.jpg,vid5_pair0_frame812_scale.jpg,0
vid5_pair1_frame627_rotate.jpg,vid5_pair1_frame667_rotate.jpg,0
vid5_pair1_frame627_rotate.jpg,vid5_pair1_frame667_flip.jpg,0
vid5_pair1_frame627_rotate.jpg,vid5_pair1_frame667_scale.jpg,0
vid5_pair1_frame627_flip.jpg,vid5_pair1_frame667_rotate.jpg,0
vid5_pair1_frame627_flip.jpg,vid5_pair1_frame667_flip.jpg,0
vid5_pair1_frame627_flip.jpg,vid5_pair1_frame667_scale.jpg,0
vid5_pair1_frame627_scale.jpg,vid5_pair1_frame667_rotate.jpg,0
vid5_pair1_frame627_scale.jpg,vid5_pair1_frame667_flip.jpg,0
vid5_pair1_frame627_scale.jpg,vid5_pair1_frame667_scale.jpg,0
vid5_pair2_frame256_rotate.jpg,vid5_pair2_frame286_rotate.jpg,1
vid5_pair2_frame256_rotate.jpg,vid5_pair2_frame286_flip.jpg,1
vid5_pair2_frame256_rotate.jpg,vid5_pair2_frame286_scale.jpg,1
vid5_pair2_frame256_flip.jpg,vid5_pair2_frame286_rotate.jpg,1
vid5_pair2_frame256_flip.jpg,vid5_pair2_frame286_flip.jpg,1
vid5_pair2_frame256_flip.jpg,vid5_pair2_frame286_scale.jpg,1
vid5_pair2_frame256_scale.jpg,vid5_pair2_frame286_rotate.jpg,1
vid5_pair2_frame256_scale.jpg,vid5_pair2_frame286_flip.jpg,1
vid5_pair2_frame256_scale.jpg,vid5_pair2_frame286_scale.jpg,1
vid5_pair3_frame696_rotate.jpg,vid5_pair3_frame726_rotate.jpg,1
vid5_pair3_frame696_rotate.jpg,vid5_pair3_frame726_flip.jpg,1
vid5_pair3_frame696_rotate.jpg,vid5_pair3_frame726_scale.jpg,1
vid5_pair3_frame696_flip.jpg,vid5_pair3_frame726_rotate.jpg,1
vid5_pair3_frame696_flip.jpg,vid5_pair3_frame726_flip.jpg,1
vid5_pair3_frame696_flip.jpg,vid5_pair3_frame726_scale.jpg,1
vid5_pair3_frame696_scale.jpg,vid5_pair3_frame726_rotate.jpg,1
vid5_pair3_frame696_scale.jpg,vid5_pair3_frame726_flip.jpg,1
vid5_pair3_frame696_scale.jpg,vid5_pair3_frame726_scale.jpg,1
vid5_pair4_frame395_rotate.jpg,vid5_pair4_frame425_rotate.jpg,1
vid5_pair4_frame395_rotate.jpg,vid5_pair4_frame425_flip.jpg,1
vid5_pair4_frame395_rotate.jpg,vid5_pair4_frame425_scale.jpg,1
vid5_pair4_frame395_flip.jpg,vid5_pair4_frame425_rotate.jpg,1
vid5_pair4_frame395_flip.jpg,vid5_pair4_frame425_flip.jpg,1
vid5_pair4_frame395_flip.jpg,vid5_pair4_frame425_scale.jpg,1
vid5_pair4_frame395_scale.jpg,vid5_pair4_frame425_rotate.jpg,1
vid5_pair4_frame395_scale.jpg,vid5_pair4_frame425_flip.jpg,1
vid5_pair4_frame395_scale.jpg,vid5_pair4_frame425_scale.jpg,1
vid5_pair5_frame47_rotate.jpg,vid5_pair5_frame92_rotate.jpg,0
vid5_pair5_frame47_rotate.jpg,vid5_pair5_frame92_flip.jpg,0
vid5_pair5_frame47_rotate.jpg,vid5_pair5_frame92_scale.jpg,0
vid5_pair5_frame47_flip.jpg,vid5_pair5_frame92_rotate.jpg,0
vid5_pair5_frame47_flip.jpg,vid5_pair5_frame92_flip.jpg,0
vid5_pair5_frame47_flip.jpg,vid5_pair5_frame92_scale.jpg,0
vid5_pair5_frame47_scale.jpg,vid5_pair5_frame92_rotate.jpg,0
vid5_pair5_frame47_scale.jpg,vid5_pair5_frame92_flip.jpg,0
vid5_pair5_frame47_scale.jpg,vid5_pair5_frame92_scale.jpg,0
vid5_pair6_frame521_rotate.jpg,vid5_pair6_frame561_rotate.jpg,0
vid5_pair6_frame521_rotate.jpg,vid5_pair6_frame561_flip.jpg,0
vid5_pair6_frame521_rotate.jpg,vid5_pair6_frame561_scale.jpg,0
vid5_pair6_frame521_flip.jpg,vid5_pair6_frame561_rotate.jpg,0
vid5_pair6_frame521_flip.jpg,vid5_pair6_frame561_flip.jpg,0
vid5_pair6_frame521_flip.jpg,vid5_pair6_frame561_scale.jpg,0
vid5_pair6_frame521_scale.jpg,vid5_pair6_frame561_rotate.jpg,0
vid5_pair6_frame521_scale.jpg,vid5_pair6_frame561_flip.jpg,0
vid5_pair6_frame521_scale.jpg,vid5_pair6_frame561_scale.jpg,0
vid5_pair7_frame605_rotate.jpg,vid5_pair7_frame635_rotate.jpg,1
vid5_pair7_frame605_rotate.jpg,vid5_pair7_frame635_flip.jpg,1
vid5_pair7_frame605_rotate.jpg,vid5_pair7_frame635_scale.jpg,1
vid5_pair7_frame605_flip.jpg,vid5_pair7_frame635_rotate.jpg,1
vid5_pair7_frame605_flip.jpg,vid5_pair7_frame635_flip.jpg,1
vid5_pair7_frame605_flip.jpg,vid5_pair7_frame635_scale.jpg,1
vid5_pair7_frame605_scale.jpg,vid5_pair7_frame635_rotate.jpg,1
vid5_pair7_frame605_scale.jpg,vid5_pair7_frame635_flip.jpg,1
vid5_pair7_frame605_scale.jpg,vid5_pair7_frame635_scale.jpg,1
vid5_pair8_frame594_rotate.jpg,vid5_pair8_frame654_rotate.jpg,0
vid5_pair8_frame594_rotate.jpg,vid5_pair8_frame654_flip.jpg,0
vid5_pair8_frame594_rotate.jpg,vid5_pair8_frame654_scale.jpg,0
vid5_pair8_frame594_flip.jpg,vid5_pair8_frame654_rotate.jpg,0
vid5_pair8_frame594_flip.jpg,vid5_pair8_frame654_flip.jpg,0
vid5_pair8_frame594_flip.jpg,vid5_pair8_frame654_scale.jpg,0
vid5_pair8_frame594_scale.jpg,vid5_pair8_frame654_rotate.jpg,0
vid5_pair8_frame594_scale.jpg,vid5_pair8_frame654_flip.jpg,0
vid5_pair8_frame594_scale.jpg,vid5_pair8_frame654_scale.jpg,0
vid5_pair9_frame221_rotate.jpg,vid5_pair9_frame261_rotate.jpg,0
vid5_pair9_frame221_rotate.jpg,vid5_pair9_frame261_flip.jpg,0
vid5_pair9_frame221_rotate.jpg,vid5_pair9_frame261_scale.jpg,0
vid5_pair9_frame221_flip.jpg,vid5_pair9_frame261_rotate.jpg,0
vid5_pair9_frame221_flip.jpg,vid5_pair9_frame261_flip.jpg,0
vid5_pair9_frame221_flip.jpg,vid5_pair9_frame261_scale.jpg,0
vid5_pair9_frame221_scale.jpg,vid5_pair9_frame261_rotate.jpg,0
vid5_pair9_frame221_scale.jpg,vid5_pair9_frame261_flip.jpg,0
vid5_pair9_frame221_scale.jpg,vid5_pair9_frame261_scale.jpg,0
vid6_pair0_frame61_rotate.jpg,vid6_pair0_frame91_rotate.jpg,0
vid6_pair0_frame61_rotate.jpg,vid6_pair0_frame91_flip.jpg,0
vid6_pair0_frame61_rotate.jpg,vid6_pair0_frame91_scale.jpg,0
vid6_pair0_frame61_flip.jpg,vid6_pair0_frame91_rotate.jpg,0
vid6_pair0_frame61_flip.jpg,vid6_pair0_frame91_flip.jpg,0
vid6_pair0_frame61_flip.jpg,vid6_pair0_frame91_scale.jpg,0
vid6_pair0_frame61_scale.jpg,vid6_pair0_frame91_rotate.jpg,0
vid6_pair0_frame61_scale.jpg,vid6_pair0_frame91_flip.jpg,0
vid6_pair0_frame61_scale.jpg,vid6_pair0_frame91_scale.jpg,0
vid6_pair1_frame185_rotate.jpg,vid6_pair1_frame225_rotate.jpg,0
vid6_pair1_frame185_rotate.jpg,vid6_pair1_frame225_flip.jpg,0
vid6_pair1_frame185_rotate.jpg,vid6_pair1_frame225_scale.jpg,0
vid6_pair1_frame185_flip.jpg,vid6_pair1_frame225_rotate.jpg,0
vid6_pair1_frame185_flip.jpg,vid6_pair1_frame225_flip.jpg,0
vid6_pair1_frame185_flip.jpg,vid6_pair1_frame225_scale.jpg,0
vid6_pair1_frame185_scale.jpg,vid6_pair1_frame225_rotate.jpg,0
vid6_pair1_frame185_scale.jpg,vid6_pair1_frame225_flip.jpg,0
vid6_pair1_frame185_scale.jpg,vid6_pair1_frame225_scale.jpg,0
vid6_pair2_frame495_rotate.jpg,vid6_pair2_frame540_rotate.jpg,0
vid6_pair2_frame495_rotate.jpg,vid6_pair2_frame540_flip.jpg,0
vid6_pair2_frame495_rotate.jpg,vid6_pair2_frame540_scale.jpg,0
vid6_pair2_frame495_flip.jpg,vid6_pair2_frame540_rotate.jpg,0
vid6_pair2_frame495_flip.jpg,vid6_pair2_frame540_flip.jpg,0
vid6_pair2_frame495_flip.jpg,vid6_pair2_frame540_scale.jpg,0
vid6_pair2_frame495_scale.jpg,vid6_pair2_frame540_rotate.jpg,0
vid6_pair2_frame495_scale.jpg,vid6_pair2_frame540_flip.jpg,0
vid6_pair2_frame495_scale.jpg,vid6_pair2_frame540_scale.jpg,0
vid6_pair3_frame531_rotate.jpg,vid6_pair3_frame591_rotate.jpg,1
vid6_pair3_frame531_rotate.jpg,vid6_pair3_frame591_flip.jpg,1
vid6_pair3_frame531_rotate.jpg,vid6_pair3_frame591_scale.jpg,1
vid6_pair3_frame531_flip.jpg,vid6_pair3_frame591_rotate.jpg,1
vid6_pair3_frame531_flip.jpg,vid6_pair3_frame591_flip.jpg,1
vid6_pair3_frame531_flip.jpg,vid6_pair3_frame591_scale.jpg,1
vid6_pair3_frame531_scale.jpg,vid6_pair3_frame591_rotate.jpg,1
vid6_pair3_frame531_scale.jpg,vid6_pair3_frame591_flip.jpg,1
vid6_pair3_frame531_scale.jpg,vid6_pair3_frame591_scale.jpg,1
vid6_pair4_frame42_rotate.jpg,vid6_pair4_frame82_rotate.jpg,0
vid6_pair4_frame42_rotate.jpg,vid6_pair4_frame82_flip.jpg,0
vid6_pair4_frame42_rotate.jpg,vid6_pair4_frame82_scale.jpg,0
vid6_pair4_frame42_flip.jpg,vid6_pair4_frame82_rotate.jpg,0
vid6_pair4_frame42_flip.jpg,vid6_pair4_frame82_flip.jpg,0
vid6_pair4_frame42_flip.jpg,vid6_pair4_frame82_scale.jpg,0
vid6_pair4_frame42_scale.jpg,vid6_pair4_frame82_rotate.jpg,0
vid6_pair4_frame42_scale.jpg,vid6_pair4_frame82_flip.jpg,0
vid6_pair4_frame42_scale.jpg,vid6_pair4_frame82_scale.jpg,0
vid6_pair5_frame188_rotate.jpg,vid6_pair5_frame218_rotate.jpg,0
vid6_pair5_frame188_rotate.jpg,vid6_pair5_frame218_flip.jpg,0
vid6_pair5_frame188_rotate.jpg,vid6_pair5_frame218_scale.jpg,0
vid6_pair5_frame188_flip.jpg,vid6_pair5_frame218_rotate.jpg,0
vid6_pair5_frame188_flip.jpg,vid6_pair5_frame218_flip.jpg,0
vid6_pair5_frame188_flip.jpg,vid6_pair5_frame218_scale.jpg,0
vid6_pair5_frame188_scale.jpg,vid6_pair5_frame218_rotate.jpg,0
vid6_pair5_frame188_scale.jpg,vid6_pair5_frame218_flip.jpg,0
vid6_pair5_frame188_scale.jpg,vid6_pair5_frame218_scale.jpg,0
vid6_pair6_frame466_rotate.jpg,vid6_pair6_frame481_rotate.jpg,0
vid6_pair6_frame466_rotate.jpg,vid6_pair6_frame481_flip.jpg,0
vid6_pair6_frame466_rotate.jpg,vid6_pair6_frame481_scale.jpg,0
vid6_pair6_frame466_flip.jpg,vid6_pair6_frame481_rotate.jpg,0
vid6_pair6_frame466_flip.jpg,vid6_pair6_frame481_flip.jpg,0
vid6_pair6_frame466_flip.jpg,vid6_pair6_frame481_scale.jpg,0
vid6_pair6_frame466_scale.jpg,vid6_pair6_frame481_rotate.jpg,0
vid6_pair6_frame466_scale.jpg,vid6_pair6_frame481_flip.jpg,0
vid6_pair6_frame466_scale.jpg,vid6_pair6_frame481_scale.jpg,0
vid6_pair7_frame125_rotate.jpg,vid6_pair7_frame65_rotate.jpg,0
vid6_pair7_frame125_rotate.jpg,vid6_pair7_frame65_flip.jpg,0
vid6_pair7_frame125_rotate.jpg,vid6_pair7_frame65_scale.jpg,0
vid6_pair7_frame125_flip.jpg,vid6_pair7_frame65_rotate.jpg,0
vid6_pair7_frame125_flip.jpg,vid6_pair7_frame65_flip.jpg,0
vid6_pair7_frame125_flip.jpg,vid6_pair7_frame65_scale.jpg,0
vid6_pair7_frame125_scale.jpg,vid6_pair7_frame65_rotate.jpg,0
vid6_pair7_frame125_scale.jpg,vid6_pair7_frame65_flip.jpg,0
vid6_pair7_frame125_scale.jpg,vid6_pair7_frame65_scale.jpg,0
vid6_pair8_frame233_rotate.jpg,vid6_pair8_frame263_rotate.jpg,0
vid6_pair8_frame233_rotate.jpg,vid6_pair8_frame263_flip.jpg,0
vid6_pair8_frame233_rotate.jpg,vid6_pair8_frame263_scale.jpg,0
vid6_pair8_frame233_flip.jpg,vid6_pair8_frame263_rotate.jpg,0
vid6_pair8_frame233_flip.jpg,vid6_pair8_frame263_flip.jpg,0
vid6_pair8_frame233_flip.jpg,vid6_pair8_frame263_scale.jpg,0
vid6_pair8_frame233_scale.jpg,vid6_pair8_frame263_rotate.jpg,0
vid6_pair8_frame233_scale.jpg,vid6_pair8_frame263_flip.jpg,0
vid6_pair8_frame233_scale.jpg,vid6_pair8_frame263_scale.jpg,0
vid6_pair9_frame346_rotate.jpg,vid6_pair9_frame399_rotate.jpg,0
vid6_pair9_frame346_rotate.jpg,vid6_pair9_frame399_flip.jpg,0
vid6_pair9_frame346_rotate.jpg,vid6_pair9_frame399_scale.jpg,0
vid6_pair9_frame346_flip.jpg,vid6_pair9_frame399_rotate.jpg,0
vid6_pair9_frame346_flip.jpg,vid6_pair9_frame399_flip.jpg,0
vid6_pair9_frame346_flip.jpg,vid6_pair9_frame399_scale.jpg,0
vid6_pair9_frame346_scale.jpg,vid6_pair9_frame399_rotate.jpg,0
vid6_pair9_frame346_scale.jpg,vid6_pair9_frame399_flip.jpg,0
vid6_pair9_frame346_scale.jpg,vid6_pair9_frame399_scale.jpg,0
vid7_pair0_frame209_rotate.jpg,vid7_pair0_frame224_rotate.jpg,1
vid7_pair0_frame209_rotate.jpg,vid7_pair0_frame224_flip.jpg,1
vid7_pair0_frame209_rotate.jpg,vid7_pair0_frame224_scale.jpg,1
vid7_pair0_frame209_flip.jpg,vid7_pair0_frame224_rotate.jpg,1
vid7_pair0_frame209_flip.jpg,vid7_pair0_frame224_flip.jpg,1
vid7_pair0_frame209_flip.jpg,vid7_pair0_frame224_scale.jpg,1
vid7_pair0_frame209_scale.jpg,vid7_pair0_frame224_rotate.jpg,1
vid7_pair0_frame209_scale.jpg,vid7_pair0_frame224_flip.jpg,1
vid7_pair0_frame209_scale.jpg,vid7_pair0_frame224_scale.jpg,1
vid7_pair1_frame34_rotate.jpg,vid7_pair1_frame64_rotate.jpg,1
vid7_pair1_frame34_rotate.jpg,vid7_pair1_frame64_flip.jpg,1
vid7_pair1_frame34_rotate.jpg,vid7_pair1_frame64_scale.jpg,1
vid7_pair1_frame34_flip.jpg,vid7_pair1_frame64_rotate.jpg,1
vid7_pair1_frame34_flip.jpg,vid7_pair1_frame64_flip.jpg,1
vid7_pair1_frame34_flip.jpg,vid7_pair1_frame64_scale.jpg,1
vid7_pair1_frame34_scale.jpg,vid7_pair1_frame64_rotate.jpg,1
vid7_pair1_frame34_scale.jpg,vid7_pair1_frame64_flip.jpg,1
vid7_pair1_frame34_scale.jpg,vid7_pair1_frame64_scale.jpg,1
vid7_pair2_frame124_rotate.jpg,vid7_pair2_frame164_rotate.jpg,0
vid7_pair2_frame124_rotate.jpg,vid7_pair2_frame164_flip.jpg,0
vid7_pair2_frame124_rotate.jpg,vid7_pair2_frame164_scale.jpg,0
vid7_pair2_frame124_flip.jpg,vid7_pair2_frame164_rotate.jpg,0
vid7_pair2_frame124_flip.jpg,vid7_pair2_frame164_flip.jpg,0
vid7_pair2_frame124_flip.jpg,vid7_pair2_frame164_scale.jpg,0
vid7_pair2_frame124_scale.jpg,vid7_pair2_frame164_rotate.jpg,0
vid7_pair2_frame124_scale.jpg,vid7_pair2_frame164_flip.jpg,0
vid7_pair2_frame124_scale.jpg,vid7_pair2_frame164_scale.jpg,0
vid7_pair3_frame134_rotate.jpg,vid7_pair3_frame164_rotate.jpg,0
vid7_pair3_frame134_rotate.jpg,vid7_pair3_frame164_flip.jpg,0
vid7_pair3_frame134_rotate.jpg,vid7_pair3_frame164_scale.jpg,0
vid7_pair3_frame134_flip.jpg,vid7_pair3_frame164_rotate.jpg,0
vid7_pair3_frame134_flip.jpg,vid7_pair3_frame164_flip.jpg,0
vid7_pair3_frame134_flip.jpg,vid7_pair3_frame164_scale.jpg,0
vid7_pair3_frame134_scale.jpg,vid7_pair3_frame164_rotate.jpg,0
vid7_pair3_frame134_scale.jpg,vid7_pair3_frame164_flip.jpg,0
vid7_pair3_frame134_scale.jpg,vid7_pair3_frame164_scale.jpg,0
vid7_pair4_frame181_rotate.jpg,vid7_pair4_frame221_rotate.jpg,1
vid7_pair4_frame181_rotate.jpg,vid7_pair4_frame221_flip.jpg,1
vid7_pair4_frame181_rotate.jpg,vid7_pair4_frame221_scale.jpg,1
vid7_pair4_frame181_flip.jpg,vid7_pair4_frame221_rotate.jpg,1
vid7_pair4_frame181_flip.jpg,vid7_pair4_frame221_flip.jpg,1
vid7_pair4_frame181_flip.jpg,vid7_pair4_frame221_scale.jpg,1
vid7_pair4_frame181_scale.jpg,vid7_pair4_frame221_rotate.jpg,1
vid7_pair4_frame181_scale.jpg,vid7_pair4_frame221_flip.jpg,1
vid7_pair4_frame181_scale.jpg,vid7_pair4_frame221_scale.jpg,1
vid7_pair5_frame127_rotate.jpg,vid7_pair5_frame97_rotate.jpg,0
vid7_pair5_frame127_rotate.jpg,vid7_pair5_frame97_flip.jpg,0
vid7_pair5_frame127_rotate.jpg,vid7_pair5_frame97_scale.jpg,0
vid7_pair5_frame127_flip.jpg,vid7_pair5_frame97_rotate.jpg,0
vid7_pair5_frame127_flip.jpg,vid7_pair5_frame97_flip.jpg,0
vid7_pair5_frame127_flip.jpg,vid7_pair5_frame97_scale.jpg,0
vid7_pair5_frame127_scale.jpg,vid7_pair5_frame97_rotate.jpg,0
vid7_pair5_frame127_scale.jpg,vid7_pair5_frame97_flip.jpg,0
vid7_pair5_frame127_scale.jpg,vid7_pair5_frame97_scale.jpg,0
vid7_pair6_frame67_rotate.jpg,vid7_pair6_frame93_rotate.jpg,1
vid7_pair6_frame67_rotate.jpg,vid7_pair6_frame93_flip.jpg,1
vid7_pair6_frame67_rotate.jpg,vid7_pair6_frame93_scale.jpg,1
vid7_pair6_frame67_flip.jpg,vid7_pair6_frame93_rotate.jpg,1
vid7_pair6_frame67_flip.jpg,vid7_pair6_frame93_flip.jpg,1
vid7_pair6_frame67_flip.jpg,vid7_pair6_frame93_scale.jpg,1
vid7_pair6_frame67_scale.jpg,vid7_pair6_frame93_rotate.jpg,1
vid7_pair6_frame67_scale.jpg,vid7_pair6_frame93_flip.jpg,1
vid7_pair6_frame67_scale.jpg,vid7_pair6_frame93_scale.jpg,1
vid7_pair7_frame152_rotate.jpg,vid7_pair7_frame212_rotate.jpg,0
vid7_pair7_frame152_rotate.jpg,vid7_pair7_frame212_flip.jpg,0
vid7_pair7_frame152_rotate.jpg,vid7_pair7_frame212_scale.jpg,0
vid7_pair7_frame152_flip.jpg,vid7_pair7_frame212_rotate.jpg,0
vid7_pair7_frame152_flip.jpg,vid7_pair7_frame212_flip.jpg,0
vid7_pair7_frame152_flip.jpg,vid7_pair7_frame212_scale.jpg,0
vid7_pair7_frame152_scale.jpg,vid7_pair7_frame212_rotate.jpg,0
vid7_pair7_frame152_scale.jpg,vid7_pair7_frame212_flip.jpg,0
vid7_pair7_frame152_scale.jpg,vid7_pair7_frame212_scale.jpg,0
vid7_pair8_frame179_rotate.jpg,vid7_pair8_frame63_rotate.jpg,1
vid7_pair8_frame179_rotate.jpg,vid7_pair8_frame63_flip.jpg,1
vid7_pair8_frame179_rotate.jpg,vid7_pair8_frame63_scale.jpg,1
vid7_pair8_frame179_flip.jpg,vid7_pair8_frame63_rotate.jpg,1
vid7_pair8_frame179_flip.jpg,vid7_pair8_frame63_flip.jpg,1
vid7_pair8_frame179_flip.jpg,vid7_pair8_frame63_scale.jpg,1
vid7_pair8_frame179_scale.jpg,vid7_pair8_frame63_rotate.jpg,1
vid7_pair8_frame179_scale.jpg,vid7_pair8_frame63_flip.jpg,1
vid7_pair8_frame179_scale.jpg,vid7_pair8_frame63_scale.jpg,1
vid7_pair9_frame143_rotate.jpg,vid7_pair9_frame98_rotate.jpg,0
vid7_pair9_frame143_rotate.jpg,vid7_pair9_frame98_flip.jpg,0
vid7_pair9_frame143_rotate.jpg,vid7_pair9_frame98_scale.jpg,0
vid7_pair9_frame143_flip.jpg,vid7_pair9_frame98_rotate.jpg,0
vid7_pair9_frame143_flip.jpg,vid7_pair9_frame98_flip.jpg,0
vid7_pair9_frame143_flip.jpg,vid7_pair9_frame98_scale.jpg,0
vid7_pair9_frame143_scale.jpg,vid7_pair9_frame98_rotate.jpg,0
vid7_pair9_frame143_scale.jpg,vid7_pair9_frame98_flip.jpg,0
vid7_pair9_frame143_scale.jpg,vid7_pair9_frame98_scale.jpg,0
vid8_pair0_frame61_rotate.jpg,vid8_pair0_frame76_rotate.jpg,1
vid8_pair0_frame61_rotate.jpg,vid8_pair0_frame76_flip.jpg,1
vid8_pair0_frame61_rotate.jpg,vid8_pair0_frame76_scale.jpg,1
vid8_pair0_frame61_flip.jpg,vid8_pair0_frame76_rotate.jpg,1
vid8_pair0_frame61_flip.jpg,vid8_pair0_frame76_flip.jpg,1
vid8_pair0_frame61_flip.jpg,vid8_pair0_frame76_scale.jpg,1
vid8_pair0_frame61_scale.jpg,vid8_pair0_frame76_rotate.jpg,1
vid8_pair0_frame61_scale.jpg,vid8_pair0_frame76_flip.jpg,1
vid8_pair0_frame61_scale.jpg,vid8_pair0_frame76_scale.jpg,1
vid8_pair1_frame109_rotate.jpg,vid8_pair1_frame154_rotate.jpg,1
vid8_pair1_frame109_rotate.jpg,vid8_pair1_frame154_flip.jpg,1
vid8_pair1_frame109_rotate.jpg,vid8_pair1_frame154_scale.jpg,1
vid8_pair1_frame109_flip.jpg,vid8_pair1_frame154_rotate.jpg,1
vid8_pair1_frame109_flip.jpg,vid8_pair1_frame154_flip.jpg,1
vid8_pair1_frame109_flip.jpg,vid8_pair1_frame154_scale.jpg,1
vid8_pair1_frame109_scale.jpg,vid8_pair1_frame154_rotate.jpg,1
vid8_pair1_frame109_scale.jpg,vid8_pair1_frame154_flip.jpg,1
vid8_pair1_frame109_scale.jpg,vid8_pair1_frame154_scale.jpg,1
vid8_pair2_frame117_rotate.jpg,vid8_pair2_frame86_rotate.jpg,1
vid8_pair2_frame117_rotate.jpg,vid8_pair2_frame86_flip.jpg,1
vid8_pair2_frame117_rotate.jpg,vid8_pair2_frame86_scale.jpg,1
vid8_pair2_frame117_flip.jpg,vid8_pair2_frame86_rotate.jpg,1
vid8_pair2_frame117_flip.jpg,vid8_pair2_frame86_flip.jpg,1
vid8_pair2_frame117_flip.jpg,vid8_pair2_frame86_scale.jpg,1
vid8_pair2_frame117_scale.jpg,vid8_pair2_frame86_rotate.jpg,1
vid8_pair2_frame117_scale.jpg,vid8_pair2_frame86_flip.jpg,1
vid8_pair2_frame117_scale.jpg,vid8_pair2_frame86_scale.jpg,1
vid8_pair3_frame149_rotate.jpg,vid8_pair3_frame89_rotate.jpg,1
vid8_pair3_frame149_rotate.jpg,vid8_pair3_frame89_flip.jpg,1
vid8_pair3_frame149_rotate.jpg,vid8_pair3_frame89_scale.jpg,1
vid8_pair3_frame149_flip.jpg,vid8_pair3_frame89_rotate.jpg,1
vid8_pair3_frame149_flip.jpg,vid8_pair3_frame89_flip.jpg,1
vid8_pair3_frame149_flip.jpg,vid8_pair3_frame89_scale.jpg,1
vid8_pair3_frame149_scale.jpg,vid8_pair3_frame89_rotate.jpg,1
vid8_pair3_frame149_scale.jpg,vid8_pair3_frame89_flip.jpg,1
vid8_pair3_frame149_scale.jpg,vid8_pair3_frame89_scale.jpg,1
vid8_pair4_frame126_rotate.jpg,vid8_pair4_frame86_rotate.jpg,1
vid8_pair4_frame126_rotate.jpg,vid8_pair4_frame86_flip.jpg,1
vid8_pair4_frame126_rotate.jpg,vid8_pair4_frame86_scale.jpg,1
vid8_pair4_frame126_flip.jpg,vid8_pair4_frame86_rotate.jpg,1
vid8_pair4_frame126_flip.jpg,vid8_pair4_frame86_flip.jpg,1
vid8_pair4_frame126_flip.jpg,vid8_pair4_frame86_scale.jpg,1
vid8_pair4_frame126_scale.jpg,vid8_pair4_frame86_rotate.jpg,1
vid8_pair4_frame126_scale.jpg,vid8_pair4_frame86_flip.jpg,1
vid8_pair4_frame126_scale.jpg,vid8_pair4_frame86_scale.jpg,1
vid8_pair5_frame112_rotate.jpg,vid8_pair5_frame127_rotate.jpg,1
vid8_pair5_frame112_rotate.jpg,vid8_pair5_frame127_flip.jpg,1
vid8_pair5_frame112_rotate.jpg,vid8_pair5_frame127_scale.jpg,1
vid8_pair5_frame112_flip.jpg,vid8_pair5_frame127_rotate.jpg,1
vid8_pair5_frame112_flip.jpg,vid8_pair5_frame127_flip.jpg,1
vid8_pair5_frame112_flip.jpg,vid8_pair5_frame127_scale.jpg,1
vid8_pair5_frame112_scale.jpg,vid8_pair5_frame127_rotate.jpg,1
vid8_pair5_frame112_scale.jpg,vid8_pair5_frame127_flip.jpg,1
vid8_pair5_frame112_scale.jpg,vid8_pair5_frame127_scale.jpg,1
vid8_pair6_frame109_rotate.jpg,vid8_pair6_frame79_rotate.jpg,1
vid8_pair6_frame109_rotate.jpg,vid8_pair6_frame79_flip.jpg,1
vid8_pair6_frame109_rotate.jpg,vid8_pair6_frame79_scale.jpg,1
vid8_pair6_frame109_flip.jpg,vid8_pair6_frame79_rotate.jpg,1
vid8_pair6_frame109_flip.jpg,vid8_pair6_frame79_flip.jpg,1
vid8_pair6_frame109_flip.jpg,vid8_pair6_frame79_scale.jpg,1
vid8_pair6_frame109_scale.jpg,vid8_pair6_frame79_rotate.jpg,1
vid8_pair6_frame109_scale.jpg,vid8_pair6_frame79_flip.jpg,1
vid8_pair6_frame109_scale.jpg,vid8_pair6_frame79_scale.jpg,1
vid8_pair7_frame59_rotate.jpg,vid8_pair7_frame89_rotate.jpg,1
vid8_pair7_frame59_rotate.jpg,vid8_pair7_frame89_flip.jpg,1
vid8_pair7_frame59_rotate.jpg,vid8_pair7_frame89_scale.jpg,1
vid8_pair7_frame59_flip.jpg,vid8_pair7_frame89_rotate.jpg,1
vid8_pair7_frame59_flip.jpg,vid8_pair7_frame89_flip.jpg,1
vid8_pair7_frame59_flip.jpg,vid8_pair7_frame89_scale.jpg,1
vid8_pair7_frame59_scale.jpg,vid8_pair7_frame89_rotate.jpg,1
vid8_pair7_frame59_scale.jpg,vid8_pair7_frame89_flip.jpg,1
vid8_pair7_frame59_scale.jpg,vid8_pair7_frame89_scale.jpg,1
vid8_pair8_frame27_rotate.jpg,vid8_pair8_frame57_rotate.jpg,0
vid8_pair8_frame27_rotate.jpg,vid8_pair8_frame57_flip.jpg,0
vid8_pair8_frame27_rotate.jpg,vid8_pair8_frame57_scale.jpg,0
vid8_pair8_frame27_flip.jpg,vid8_pair8_frame57_rotate.jpg,0
vid8_pair8_frame27_flip.jpg,vid8_pair8_frame57_flip.jpg,0
vid8_pair8_frame27_flip.jpg,vid8_pair8_frame57_scale.jpg,0
vid8_pair8_frame27_scale.jpg,vid8_pair8_frame57_rotate.jpg,0
vid8_pair8_frame27_scale.jpg,vid8_pair8_frame57_flip.jpg,0
vid8_pair8_frame27_scale.jpg,vid8_pair8_frame57_scale.jpg,0
vid8_pair9_frame64_rotate.jpg,vid8_pair9_frame94_rotate.jpg,1
vid8_pair9_frame64_rotate.jpg,vid8_pair9_frame94_flip.jpg,1
vid8_pair9_frame64_rotate.jpg,vid8_pair9_frame94_scale.jpg,1
vid8_pair9_frame64_flip.jpg,vid8_pair9_frame94_rotate.jpg,1
vid8_pair9_frame64_flip.jpg,vid8_pair9_frame94_flip.jpg,1
vid8_pair9_frame64_flip.jpg,vid8_pair9_frame94_scale.jpg,1
vid8_pair9_frame64_scale.jpg,vid8_pair9_frame94_rotate.jpg,1
vid8_pair9_frame64_scale.jpg,vid8_pair9_frame94_flip.jpg,1
vid8_pair9_frame64_scale.jpg,vid8_pair9_frame94_scale.jpg,1
vid9_pair0_frame433_rotate.jpg,vid9_pair0_frame448_rotate.jpg,1
vid9_pair0_frame433_rotate.jpg,vid9_pair0_frame448_flip.jpg,1
vid9_pair0_frame433_rotate.jpg,vid9_pair0_frame448_scale.jpg,1
vid9_pair0_frame433_flip.jpg,vid9_pair0_frame448_rotate.jpg,1
vid9_pair0_frame433_flip.jpg,vid9_pair0_frame448_flip.jpg,1
vid9_pair0_frame433_flip.jpg,vid9_pair0_frame448_scale.jpg,1
vid9_pair0_frame433_scale.jpg,vid9_pair0_frame448_rotate.jpg,1
vid9_pair0_frame433_scale.jpg,vid9_pair0_frame448_flip.jpg,1
vid9_pair0_frame433_scale.jpg,vid9_pair0_frame448_scale.jpg,1
vid9_pair1_frame5145_rotate.jpg,vid9_pair1_frame5175_rotate.jpg,0
vid9_pair1_frame5145_rotate.jpg,vid9_pair1_frame5175_flip.jpg,0
vid9_pair1_frame5145_rotate.jpg,vid9_pair1_frame5175_scale.jpg,0
vid9_pair1_frame5145_flip.jpg,vid9_pair1_frame5175_rotate.jpg,0
vid9_pair1_frame5145_flip.jpg,vid9_pair1_frame5175_flip.jpg,0
vid9_pair1_frame5145_flip.jpg,vid9_pair1_frame5175_scale.jpg,0
vid9_pair1_frame5145_scale.jpg,vid9_pair1_frame5175_rotate.jpg,0
vid9_pair1_frame5145_scale.jpg,vid9_pair1_frame5175_flip.jpg,0
vid9_pair1_frame5145_scale.jpg,vid9_pair1_frame5175_scale.jpg,0
vid9_pair2_frame5529_rotate.jpg,vid9_pair2_frame5589_rotate.jpg,1
vid9_pair2_frame5529_rotate.jpg,vid9_pair2_frame5589_flip.jpg,1
vid9_pair2_frame5529_rotate.jpg,vid9_pair2_frame5589_scale.jpg,1
vid9_pair2_frame5529_flip.jpg,vid9_pair2_frame5589_rotate.jpg,1
vid9_pair2_frame5529_flip.jpg,vid9_pair2_frame5589_flip.jpg,1
vid9_pair2_frame5529_flip.jpg,vid9_pair2_frame5589_scale.jpg,1
vid9_pair2_frame5529_scale.jpg,vid9_pair2_frame5589_rotate.jpg,1
vid9_pair2_frame5529_scale.jpg,vid9_pair2_frame5589_flip.jpg,1
vid9_pair2_frame5529_scale.jpg,vid9_pair2_frame5589_scale.jpg,1
vid9_pair3_frame6023_rotate.jpg,vid9_pair3_frame6053_rotate.jpg,0
vid9_pair3_frame6023_rotate.jpg,vid9_pair3_frame6053_flip.jpg,0
vid9_pair3_frame6023_rotate.jpg,vid9_pair3_frame6053_scale.jpg,0
vid9_pair3_frame6023_flip.jpg,vid9_pair3_frame6053_rotate.jpg,0
vid9_pair3_frame6023_flip.jpg,vid9_pair3_frame6053_flip.jpg,0
vid9_pair3_frame6023_flip.jpg,vid9_pair3_frame6053_scale.jpg,0
vid9_pair3_frame6023_scale.jpg,vid9_pair3_frame6053_rotate.jpg,0
vid9_pair3_frame6023_scale.jpg,vid9_pair3_frame6053_flip.jpg,0
vid9_pair3_frame6023_scale.jpg,vid9_pair3_frame6053_scale.jpg,0
vid9_pair4_frame2349_rotate.jpg,vid9_pair4_frame2389_rotate.jpg,0
vid9_pair4_frame2349_rotate.jpg,vid9_pair4_frame2389_flip.jpg,0
vid9_pair4_frame2349_rotate.jpg,vid9_pair4_frame2389_scale.jpg,0
vid9_pair4_frame2349_flip.jpg,vid9_pair4_frame2389_rotate.jpg,0
vid9_pair4_frame2349_flip.jpg,vid9_pair4_frame2389_flip.jpg,0
vid9_pair4_frame2349_flip.jpg,vid9_pair4_frame2389_scale.jpg,0
vid9_pair4_frame2349_scale.jpg,vid9_pair4_frame2389_rotate.jpg,0
vid9_pair4_frame2349_scale.jpg,vid9_pair4_frame2389_flip.jpg,0
vid9_pair4_frame2349_scale.jpg,vid9_pair4_frame2389_scale.jpg,0
vid9_pair5_frame4518_rotate.jpg,vid9_pair5_frame4519_rotate.jpg,1
vid9_pair5_frame4518_rotate.jpg,vid9_pair5_frame4519_flip.jpg,1
vid9_pair5_frame4518_rotate.jpg,vid9_pair5_frame4519_scale.jpg,1
vid9_pair5_frame4518_flip.jpg,vid9_pair5_frame4519_rotate.jpg,1
vid9_pair5_frame4518_flip.jpg,vid9_pair5_frame4519_flip.jpg,1
vid9_pair5_frame4518_flip.jpg,vid9_pair5_frame4519_scale.jpg,1
vid9_pair5_frame4518_scale.jpg,vid9_pair5_frame4519_rotate.jpg,1
vid9_pair5_frame4518_scale.jpg,vid9_pair5_frame4519_flip.jpg,1
vid9_pair5_frame4518_scale.jpg,vid9_pair5_frame4519_scale.jpg,1
vid9_pair6_frame5151_rotate.jpg,vid9_pair6_frame5181_rotate.jpg,0
vid9_pair6_frame5151_rotate.jpg,vid9_pair6_frame5181_flip.jpg,0
vid9_pair6_frame5151_rotate.jpg,vid9_pair6_frame5181_scale.jpg,0
vid9_pair6_frame5151_flip.jpg,vid9_pair6_frame5181_rotate.jpg,0
vid9_pair6_frame5151_flip.jpg,vid9_pair6_frame5181_flip.jpg,0
vid9_pair6_frame5151_flip.jpg,vid9_pair6_frame5181_scale.jpg,0
vid9_pair6_frame5151_scale.jpg,vid9_pair6_frame5181_rotate.jpg,0
vid9_pair6_frame5151_scale.jpg,vid9_pair6_frame5181_flip.jpg,0
vid9_pair6_frame5151_scale.jpg,vid9_pair6_frame5181_scale.jpg,0
vid9_pair7_frame798_rotate.jpg,vid9_pair7_frame828_rotate.jpg,1
vid9_pair7_frame798_rotate.jpg,vid9_pair7_frame828_flip.jpg,1
vid9_pair7_frame798_rotate.jpg,vid9_pair7_frame828_scale.jpg,1
vid9_pair7_frame798_flip.jpg,vid9_pair7_frame828_rotate.jpg,1
vid9_pair7_frame798_flip.jpg,vid9_pair7_frame828_flip.jpg,1
vid9_pair7_frame798_flip.jpg,vid9_pair7_frame828_scale.jpg,1
vid9_pair7_frame798_scale.jpg,vid9_pair7_frame828_rotate.jpg,1
vid9_pair7_frame798_scale.jpg,vid9_pair7_frame828_flip.jpg,1
vid9_pair7_frame798_scale.jpg,vid9_pair7_frame828_scale.jpg,1
vid9_pair8_frame1430_rotate.jpg,vid9_pair8_frame1490_rotate.jpg,0
vid9_pair8_frame1430_rotate.jpg,vid9_pair8_frame1490_flip.jpg,0
vid9_pair8_frame1430_rotate.jpg,vid9_pair8_frame1490_scale.jpg,0
vid9_pair8_frame1430_flip.jpg,vid9_pair8_frame1490_rotate.jpg,0
vid9_pair8_frame1430_flip.jpg,vid9_pair8_frame1490_flip.jpg,0
vid9_pair8_frame1430_flip.jpg,vid9_pair8_frame1490_scale.jpg,0
vid9_pair8_frame1430_scale.jpg,vid9_pair8_frame1490_rotate.jpg,0
vid9_pair8_frame1430_scale.jpg,vid9_pair8_frame1490_flip.jpg,0
vid9_pair8_frame1430_scale.jpg,vid9_pair8_frame1490_scale.jpg,0
vid9_pair9_frame2478_rotate.jpg,vid9_pair9_frame4349_rotate.jpg,0
vid9_pair9_frame2478_rotate.jpg,vid9_pair9_frame4349_flip.jpg,0
vid9_pair9_frame2478_rotate.jpg,vid9_pair9_frame4349_scale.jpg,0
vid9_pair9_frame2478_flip.jpg,vid9_pair9_frame4349_rotate.jpg,0
vid9_pair9_frame2478_flip.jpg,vid9_pair9_frame4349_flip.jpg,0
vid9_pair9_frame2478_flip.jpg,vid9_pair9_frame4349_scale.jpg,0
vid9_pair9_frame2478_scale.jpg,vid9_pair9_frame4349_rotate.jpg,0
vid9_pair9_frame2478_scale.jpg,vid9_pair9_frame4349_flip.jpg,0
vid9_pair9_frame2478_scale.jpg,vid9_pair9_frame4349_scale.jpg,0
